{"cameraMode":{"drawMode":0,"name":"Shaded","section":"Shading Mode"},"sceneLighting":true,"audioPlay":false,"sceneViewState":{"m_AlwaysRefresh":false,"showFog":true,"showSkybox":true,"showFlares":true,"showImageEffects":true,"showParticleSystems":true,"showVisualEffectGraphs":true,"m_FxEnabled":true},"in2DMode":false,"pivot":{"x":-0.11093918234109879,"y":0.967578649520874,"z":4.5643768310546879},"rotation":{"x":0.029389267787337304,"y":0.01799112558364868,"z":-0.0005287873791530728,"w":0.9994097352027893},"size":16.03907012939453,"orthographic":false}